"Date","Description","Amount","Extended Details","Doing Business As","Street Address","City, State Zip","Reference","Category"
"01/21/2015","GIANT FOOD INC #320 GAITHERSBURG MD",40.66,"  GROCERY STORE 
 ","GIANT FOOD","229 KENTLANDS BLVD
GAITHERSBURG
MD","20878-5446
UNITED STATES OF AMERICA (THE)","320150220719092284","Merchandise & Supplies-Groceries"
"01/24/2015","GIANT FOOD INC #150 GAITHERSBURG MD",16.66,"  GROCERY STORE 
 ","GIANT 150","46 BUREAU DR
GAITHERSBURG
MD","20878-1402
UNITED STATES OF AMERICA (THE)","320150250766683444","Merchandise & Supplies-Groceries"
"01/24/2015","GIANT FOOD INC #320 GAITHERSBURG MD",49.62,"  GROCERY STORE 
 ","GIANT FOOD","229 KENTLANDS BLVD
GAITHERSBURG
MD","20878-5446
UNITED STATES OF AMERICA (THE)","320150250766671633","Merchandise & Supplies-Groceries"
"01/26/2015","GIANT FOOD INC #150 GAITHERSBURG MD",76.37,"  GROCERY STORE 
 ","GIANT 150","46 BUREAU DR
GAITHERSBURG
MD","20878-1402
UNITED STATES OF AMERICA (THE)","320150270796714428","Merchandise & Supplies-Groceries"
"01/26/2015","JASMINE GARDEN 703-208-9989",13.14,"  USFC22042 
 ","JASMINE GARDEN","8106 ARLINGTON BLVD
FALLS CHURCH
VA","22042-1002
UNITED STATES OF AMERICA (THE)","320150270798787410","Restaurant-Restaurant"
"01/27/2015","GIANT FOOD INC #320 GAITHERSBURG MD",13.47,"  GROCERY STORE 
 ","GIANT FOOD","229 KENTLANDS BLVD
GAITHERSBURG
MD","20878-5446
UNITED STATES OF AMERICA (THE)","320150270785323384","Merchandise & Supplies-Groceries"
"01/27/2015","GOOD FORTUNE CAFE 57GAITHERSBURG MD",10.34,"  3012162828 
 ","GOOD FORTUNE CAFE","237A KENTLANDS BLVD
GAITHERSBURG
MD","20878-5521
UNITED STATES OF AMERICA (THE)","320150280805083228","Restaurant-Restaurant"
"01/29/2015","ANNUAL MEMBERSHIP FEE",75.00,,,,,"320150293828413333","Fees & Adjustments-Fees & Adjustments"
"01/29/2015","WHOLEFDS KTL 10180 03012589500",51.47,"  3012589500 
  GROCERY STORES 
 ","WHOLE FOODS MARKET","316 KENTLANDS BLVD
GAITHERSBURG
MD","20878-5458
UNITED STATES OF AMERICA (THE)","320150300836962333","Merchandise & Supplies-Groceries"
"02/01/2015","MICHAELS 8809 GAITHERSBURG MD",16.93,"  ARTIST SUPPLY & CRAFT 
 ","MICHAELS","821 CENTER POINT WAY
GAITHERSBURG
MD","20878-6461
UNITED STATES OF AMERICA (THE)","320150330884165457","Merchandise & Supplies-Arts & Jewelry"
"02/01/2015","WHOLEFDS KTL 10180 0GAITHERSBURG MD",43.93,"  3012589500 
  Description  Price 
  GROCERY STORES  $43.93 
 ","WHOLE FOODS MARKET","316 KENTLANDS BLVD
GAITHERSBURG
MD","20878-5458
UNITED STATES OF AMERICA (THE)","320150330880796258","Merchandise & Supplies-Groceries"
"02/02/2015","GIANT FOOD INC #320 GAITHERSBURG MD",8.11,"  GROCERY STORE 
 ","GIANT FOOD","229 KENTLANDS BLVD
GAITHERSBURG
MD","20878-5446
UNITED STATES OF AMERICA (THE)","320150330874120339","Merchandise & Supplies-Groceries"
"02/02/2015","GOOD FORTUNE CAFE 57GAITHERSBURG MD",11.39,"  3012162828 
  FOOD/BEVERAGE  $10.39 
  TIP  $1.00 
 ","GOOD FORTUNE CAFE","237A KENTLANDS BLVD
GAITHERSBURG
MD","20878-5521
UNITED STATES OF AMERICA (THE)","320150340893876093","Restaurant-Restaurant"
"02/02/2015","STAPLES 00586 (800)333-3330",84.79,"  00586000201855 20878 
  HP ENVY 4500 WIRELESS E-AIO 
  VENDOR FUNDED COUPON 
 ","STAPLES","660 QUINCE ORCHARD RD
GAITHERSBURG
MD","20878-1410
UNITED STATES OF AMERICA (THE)","320150340898164288","Business Services-Office Supplies"
"02/08/2015","GIANT FOOD INC #320 GAITHERSBURG MD",60.33,"  GROCERY STORE 
 ","GIANT FOOD","229 KENTLANDS BLVD
GAITHERSBURG
MD","20878-5446
UNITED STATES OF AMERICA (THE)","320150400991972486","Merchandise & Supplies-Groceries"
"02/08/2015","LOWE'S OF GAITHERSBUGAITHERSBURG MD",21.06,"  301-208-0400 
 ","LOWE'S","40 MARKET ST
GAITHERSBURG
MD","20878-5446
UNITED STATES OF AMERICA (THE)","320150390967692279","Merchandise & Supplies-Hardware Supplies"
"02/09/2015","FES*FLORIST EXPRESS 888-373-7437 CA",52.93,"  FLOWERS 
 ","PROVIDE COMMERCE","4840 EASTGATE MALL
SAN DIEGO
CA","92121-1977
UNITED STATES OF AMERICA (THE)","320150420018588714","Merchandise & Supplies-Internet Purchase"
"02/11/2015","GOOD FORTUNE CAFE 57GAITHERSBURG MD",10.39,"  3012162828 
 ","GOOD FORTUNE CAFE","237A KENTLANDS BLVD
GAITHERSBURG
MD","20878-5521
UNITED STATES OF AMERICA (THE)","320150430032552848","Restaurant-Restaurant"
"02/12/2015","WHOLEFDS KTL 10180 03012589500",67.45,"  3012589500 
  GROCERY STORES 
 ","WHOLE FOODS MARKET","316 KENTLANDS BLVD
GAITHERSBURG
MD","20878-5458
UNITED STATES OF AMERICA (THE)","320150440054219048","Merchandise & Supplies-Groceries"
"02/14/2015","EINSTEIN BROS BAGELSGAITHERSBURG MD",7.40,"  FAST FOOD RESTAURANT 
  Description 
  FOOD/BEVERAGE 
 ","EINSTEIN BROS BAGELS","531 QUINCE ORCHARD RD
GAITHERSBURG
MD","20878-1405
UNITED STATES OF AMERICA (THE)","320150450060763745","Restaurant-Bar & Café"
"02/14/2015","GIANT FOOD INC #150 GAITHERSBURG MD",22.19,"  GROCERY STORE 
 ","GIANT 150","46 BUREAU DR
GAITHERSBURG
MD","20878-1402
UNITED STATES OF AMERICA (THE)","320150460088486293","Merchandise & Supplies-Groceries"
"02/16/2015","LOWE'S OF GAITHERSBUGAITHERSBURG MD",8.46,"  301-208-0400 
 ","LOWE'S","40 MARKET ST
GAITHERSBURG
MD","20878-5446
UNITED STATES OF AMERICA (THE)","320150470091873600","Merchandise & Supplies-Hardware Supplies"
"02/16/2015","WHOLEFDS KTL 10180 0GAITHERSBURG MD",28.87,"  3012589500 
  Description  Price 
  GROCERY STORES  $28.87 
 ","WHOLE FOODS MARKET","316 KENTLANDS BLVD
GAITHERSBURG
MD","20878-5458
UNITED STATES OF AMERICA (THE)","320150480114183285","Merchandise & Supplies-Groceries"
"02/17/2015","GIANT FOOD INC #320 GAITHERSBURG MD",2.16,"  GROCERY STORE 
 ","GIANT FOOD","229 KENTLANDS BLVD
GAITHERSBURG
MD","20878-5446
UNITED STATES OF AMERICA (THE)","320150480106302402","Merchandise & Supplies-Groceries"
"02/17/2015","GIANT FOOD INC #320 GAITHERSBURG MD",12.98,"  GROCERY STORE 
 ","GIANT FOOD","229 KENTLANDS BLVD
GAITHERSBURG
MD","20878-5446
UNITED STATES OF AMERICA (THE)","320150480106713316","Merchandise & Supplies-Groceries"
"02/17/2015","THE HOME DEPOT 2550 GAITHERSBURG MD",13.15,"  800-654-0688 
 ","THE HOME DEPOT","15740 SHADY GROVE RD
GAITHERSBURG
MD","20877-1456
UNITED STATES OF AMERICA (THE)","320150490123120089","Merchandise & Supplies-Hardware Supplies"
"02/19/2015","GIANT FOOD INC #150 GAITHERSBURG MD",22.29,"  GROCERY STORE 
 ","GIANT 150","46 BUREAU DR
GAITHERSBURG
MD","20878-1402
UNITED STATES OF AMERICA (THE)","320150510160986770","Merchandise & Supplies-Groceries"
"02/19/2015","GIANT FOOD INC #320 GAITHERSBURG MD",2.50,"  GROCERY STORE 
 ","GIANT FOOD","229 KENTLANDS BLVD
GAITHERSBURG
MD","20878-5446
UNITED STATES OF AMERICA (THE)","320150510162591240","Merchandise & Supplies-Groceries"
"02/19/2015","GIANT FOOD INC #320 GAITHERSBURG MD",6.83,"  GROCERY STORE 
 ","GIANT FOOD","229 KENTLANDS BLVD
GAITHERSBURG
MD","20878-5446
UNITED STATES OF AMERICA (THE)","320150510161802677","Merchandise & Supplies-Groceries"
"02/21/2015","WHOLEFDS KTL 10180 0GAITHERSBURG MD",30.41,"  3012589500 
  Description  Price 
  GROCERY STORES  $30.41 
 ","WHOLE FOODS MARKET","316 KENTLANDS BLVD
GAITHERSBURG
MD","20878-5458
UNITED STATES OF AMERICA (THE)","320150530190698471","Merchandise & Supplies-Groceries"
"02/23/2015","GIANT FOOD INC #320 GAITHERSBURG MD",1.94,"  GROCERY STORE 
 ","GIANT FOOD","229 KENTLANDS BLVD
GAITHERSBURG
MD","20878-5446
UNITED STATES OF AMERICA (THE)","320150550219944929","Merchandise & Supplies-Groceries"
"02/23/2015","GIANT FOOD INC #320 GAITHERSBURG MD",31.45,"  GROCERY STORE 
 ","GIANT FOOD","229 KENTLANDS BLVD
GAITHERSBURG
MD","20878-5446
UNITED STATES OF AMERICA (THE)","320150550222849679","Merchandise & Supplies-Groceries"
"03/01/2015","GIANT FOOD INC #150 GAITHERSBURG MD",28.37,"  GROCERY STORE 
 ","GIANT 150","46 BUREAU DR
GAITHERSBURG
MD","20878-1402
UNITED STATES OF AMERICA (THE)","320150610315844023","Merchandise & Supplies-Groceries"
"03/01/2015","OPEN ROAD FALLS CHRURCH VA",40.62,"  571-395-4400 
  TIP  $6.70 
 ","OPEN ROAD","8100 LEE HIGHWAY
FALLS CHRURCH
VA","22046
UNITED STATES OF AMERICA (THE)","320150610316785256","Restaurant-Restaurant"
"03/03/2015","WHOLEFDS KTL 10180 03012589500",81.95,"  3012589500 
  GROCERY STORES 
 ","WHOLE FOODS MARKET","316 KENTLANDS BLVD
GAITHERSBURG
MD","20878-5458
UNITED STATES OF AMERICA (THE)","320150630347037934","Merchandise & Supplies-Groceries"
"03/04/2015","GIANT FOOD INC #320 GAITHERSBURG MD",10.08,"  GROCERY STORE 
 ","GIANT FOOD","229 KENTLANDS BLVD
GAITHERSBURG
MD","20878-5446
UNITED STATES OF AMERICA (THE)","320150630337698481","Merchandise & Supplies-Groceries"
"03/06/2015","BIUR:0002 $100 statement credit on spend",-100.00,"  of 1000 dollars within 92 days of 
  acquisition 
 ","GIANT FOOD","229 KENTLANDS BLVD
GAITHERSBURG
MD","20878-5446
UNITED STATES OF AMERICA (THE)","320150650380191935","Merchandise & Supplies-Groceries"
"03/07/2015","WHOLEFDS KTL 10180 03012589500",35.52,"  3012589500 
  GROCERY STORES 
 ","WHOLE FOODS MARKET","316 KENTLANDS BLVD
GAITHERSBURG
MD","20878-5458
UNITED STATES OF AMERICA (THE)","320150670409474736","Merchandise & Supplies-Groceries"
"03/11/2015","GIANT FOOD INC #320 GAITHERSBURG MD",29.03,"  GROCERY STORE 
 ","GIANT FOOD","229 KENTLANDS BLVD
GAITHERSBURG
MD","20878-5446
UNITED STATES OF AMERICA (THE)","320150700445478007","Merchandise & Supplies-Groceries"
"03/12/2015","HOMEGOODS # 0652 0008008880776",13.77,"  8008880776 
  GENERAL MDSE 
 ","HOMEGOODS","602 QUINCE ORCHARD RD
GAITHERSBURG
MD","20878-1410
UNITED STATES OF AMERICA (THE)","320150720477808000","Merchandise & Supplies-Furnishing"
"03/12/2015","JOANN FABRIC #0106 0GAITHERSBURG MD",11.12,"  SEWING & FABRIC STORE 
  Description 
  SEWING NEEDLEWORK 
 ","JOANN FABRICS CRAFTS","2 BUREAU DR
STE A
GAITHERSBURG
MD","20878-1474
UNITED STATES OF AMERICA (THE)","320150720487020329","Merchandise & Supplies-Arts & Jewelry"
"03/12/2015","MICHAELS STORES 8809GAITHERSBURG MD",23.81,"  ARTIST SUPPLY & CRAFT 
 ","MICHAELS","821 CENTER POINT WAY
GAITHERSBURG
MD","20878-6461
UNITED STATES OF AMERICA (THE)","320150720484924521","Merchandise & Supplies-Arts & Jewelry"
"03/12/2015","WHOLEFDS KTL 10180 03012589500",36.20,"  3012589500 
  GROCERY STORES 
 ","WHOLE FOODS MARKET","316 KENTLANDS BLVD
GAITHERSBURG
MD","20878-5458
UNITED STATES OF AMERICA (THE)","320150720482789383","Merchandise & Supplies-Groceries"
"03/14/2015","GIANT FOOD INC #320 GAITHERSBURG MD",31.34,"  GROCERY STORE 
 ","GIANT FOOD","229 KENTLANDS BLVD
GAITHERSBURG
MD","20878-5446
UNITED STATES OF AMERICA (THE)","320150740513124014","Merchandise & Supplies-Groceries"
"03/15/2015","SAFEWAY STORE 0945POTOMAC MD",16.41,"  GROCERY STORE 
 ","SAFEWAY","10104 RIVER RD
POTOMAC
MD","20854-4903
UNITED STATES OF AMERICA (THE)","320150750527955998","Merchandise & Supplies-Groceries"
"03/18/2015","GIANT FOOD INC #320 GAITHERSBURG MD",40.68,"  GROCERY STORE 
 ","GIANT FOOD","229 KENTLANDS BLVD
GAITHERSBURG
MD","20878-5446
UNITED STATES OF AMERICA (THE)","320150780580494554","Merchandise & Supplies-Groceries"
"03/21/2015","WHOLEFDS KTL 10180 03012589500",63.75,"  3012589500 
  GROCERY STORES 
 ","WHOLE FOODS MARKET","316 KENTLANDS BLVD
GAITHERSBURG
MD","20878-5458
UNITED STATES OF AMERICA (THE)","320150810622170835","Merchandise & Supplies-Groceries"
"03/22/2015","GIANT FOOD INC #150 GAITHERSBURG MD",20.58,"  GROCERY STORE 
 ","GIANT 150","46 BUREAU DR
GAITHERSBURG
MD","20878-1402
UNITED STATES OF AMERICA (THE)","320150820638409798","Merchandise & Supplies-Groceries"
"03/22/2015","OPEN ROAD FALLS CHRURCH VA",43.04,"  571-395-4400 
  TIP  $7.00 
 ","OPEN ROAD","8100 LEE HIGHWAY
FALLS CHRURCH
VA","22046
UNITED STATES OF AMERICA (THE)","320150820642811087","Restaurant-Restaurant"
"03/23/2015","GIANT FOOD INC #320 GAITHERSBURG MD",4.97,"  GROCERY STORE 
 ","GIANT FOOD","229 KENTLANDS BLVD
GAITHERSBURG
MD","20878-5446
UNITED STATES OF AMERICA (THE)","320150820630094136","Merchandise & Supplies-Groceries"
"03/25/2015","GIANT FOOD INC #320 GAITHERSBURG MD",32.93,"  GROCERY STORE 
 ","GIANT FOOD","229 KENTLANDS BLVD
GAITHERSBURG
MD","20878-5446
UNITED STATES OF AMERICA (THE)","320150840662236238","Merchandise & Supplies-Groceries"
"03/25/2015","STAPLES 00586 (800)333-3330",8.48,"  00586000606339 20878 
  WESTCOTT 8IN RECYCLED 2 PACK 
  UNI-BALL 207 RT GEL MED BLUE 4 
 ","STAPLES","660 QUINCE ORCHARD RD
GAITHERSBURG
MD","20878-1410
UNITED STATES OF AMERICA (THE)","320150850684511745","Business Services-Office Supplies"
"03/29/2015","GIANT FOOD INC #320 GAITHERSBURG MD",60.02,"  GROCERY STORE 
 ","GIANT FOOD","229 KENTLANDS BLVD
GAITHERSBURG
MD","20878-5446
UNITED STATES OF AMERICA (THE)","320150890752805672","Merchandise & Supplies-Groceries"
"03/31/2015","MICHAELS STORES 8809GAITHERSBURG MD",25.72,"  ARTIST SUPPLY & CRAFT 
 ","MICHAELS","821 CENTER POINT WAY
GAITHERSBURG
MD","20878-6461
UNITED STATES OF AMERICA (THE)","320150910783086761","Merchandise & Supplies-Arts & Jewelry"
"03/31/2015","WHOLEFDS KTL 10180 03012589500",78.53,"  3012589500 
  GROCERY STORES 
 ","WHOLE FOODS MARKET","316 KENTLANDS BLVD
GAITHERSBURG
MD","20878-5458
UNITED STATES OF AMERICA (THE)","320150910782302444","Merchandise & Supplies-Groceries"
"04/02/2015","WHOLEFDS KTL 10180 0GAITHERSBURG MD",8.21,"  3012589500 
  Description  Price 
  GROCERY STORES  $8.21 
 ","WHOLE FOODS MARKET","316 KENTLANDS BLVD
GAITHERSBURG
MD","20878-5458
UNITED STATES OF AMERICA (THE)","320150930814959061","Merchandise & Supplies-Groceries"
"04/04/2015","GIANT LLC FUEL 346/UFREDERICK MD",17.83,"  FUEL 
  Description 
  UNBRANDED 
  TAX 
 ","GIANT 346","5310 NEW DESIGN RD
FREDERICK
MD","21703
UNITED STATES OF AMERICA (THE)","320150950850698441","Transportation-Fuel"
"04/04/2015","MOMS ORGANIC MARKET FREDERICK MD",11.95,"  301-816-1133 
  Description 
  GROCERIES/SUNDRIES 
 ","MOM'S ORGANIC MARKET","5273 BUCKEYSTOWN PIKE
FREDERICK
MD","21704-7535
UNITED STATES OF AMERICA (THE)","320150950848988890","Merchandise & Supplies-Groceries"
"04/04/2015","MOMS ORGANIC MARKET FREDERICK MD",32.06,"  301-816-1133 
  Description 
  GROCERIES/SUNDRIES 
 ","MOM'S ORGANIC MARKET","5273 BUCKEYSTOWN PIKE
FREDERICK
MD","21704-7535
UNITED STATES OF AMERICA (THE)","320150950852424816","Merchandise & Supplies-Groceries"
"04/06/2015","GIANT FOOD INC #320 GAITHERSBURG MD",45.76,"  GROCERY STORE 
 ","GIANT FOOD","229 KENTLANDS BLVD
GAITHERSBURG
MD","20878-5446
UNITED STATES OF AMERICA (THE)","320150960855586473","Merchandise & Supplies-Groceries"
"04/07/2015","WHOLEFDS KTL 10180 0GAITHERSBURG MD",7.43,"  3012589500 
  Description  Price 
  GROCERY STORES  $7.43 
 ","WHOLE FOODS MARKET","316 KENTLANDS BLVD
GAITHERSBURG
MD","20878-5458
UNITED STATES OF AMERICA (THE)","320150980892226412","Merchandise & Supplies-Groceries"
"04/09/2015","MICHAELS STORES 8809GAITHERSBURG MD",14.32,"  ARTIST SUPPLY & CRAFT 
 ","MICHAELS","821 CENTER POINT WAY
GAITHERSBURG
MD","20878-6461
UNITED STATES OF AMERICA (THE)","320151000926079743","Merchandise & Supplies-Arts & Jewelry"
"04/11/2015","WHOLEFDS KTL 10180 0GAITHERSBURG MD",26.35,"  3012589500 
  Description  Price 
  GROCERY STORES  $26.35 
 ","WHOLE FOODS MARKET","316 KENTLANDS BLVD
GAITHERSBURG
MD","20878-5458
UNITED STATES OF AMERICA (THE)","320151020949987448","Merchandise & Supplies-Groceries"
"04/12/2015","GIANT FOOD INC #150 GAITHERSBURG MD",15.37,"  GROCERY STORE 
 ","GIANT 150","46 BUREAU DR
GAITHERSBURG
MD","20878-1402
UNITED STATES OF AMERICA (THE)","320151030972694211","Merchandise & Supplies-Groceries"
"04/12/2015","PANERA BREAD #1162 0FALLS CHURCH VA",18.19,"  7032070145 
 ","SAINT LOUIS BREAD","8191 STRAWBERRY LANE
FALLS CHURCH
VA","22042
UNITED STATES OF AMERICA (THE)","320151030970085441","Restaurant-Bar & Café"
"04/12/2015","SAFEWAY STORE 1304FALLS CHURCH VA",10.07,"  GROCERY STORE 
 ","SAFEWAY","7397 LEE HWY
FALLS CHURCH
VA","22042-1721
UNITED STATES OF AMERICA (THE)","320151030966399963","Merchandise & Supplies-Groceries"
"04/13/2015","BARNES & NOBLE #2971GAITHERSBURG MD",42.39,"  8662387323 
  Description 
  REFER TO RECEIPT 
 ","BARNES & NOBLE","21 GRAND CORNER AVE
GAITHERSBURG
MD","20878-7305
UNITED STATES OF AMERICA (THE)","320151040981621768","Merchandise & Supplies-Book Stores"
"04/13/2015","GIANT FOOD INC #368 GAITHERSBURG MD",3.50,"  GROCERY STORE 
 ","GIANT 368","842 MUDDY BRANCH RD
GAITHERSBURG
MD","20878-2780
UNITED STATES OF AMERICA (THE)","320151040987216166","Merchandise & Supplies-Groceries"
"04/15/2015","GIANT FOOD INC #320 GAITHERSBURG MD",28.92,"  GROCERY STORE 
 ","GIANT FOOD","229 KENTLANDS BLVD
GAITHERSBURG
MD","20878-5446
UNITED STATES OF AMERICA (THE)","320151060021497372","Merchandise & Supplies-Groceries"
"04/16/2015","LOWE'S OF GAITHERSBUGAITHERSBURG MD",4.21,"  301-208-0400 
 ","LOWE'S","40 MARKET ST
GAITHERSBURG
MD","20878-5446
UNITED STATES OF AMERICA (THE)","320151070028774844","Merchandise & Supplies-Hardware Supplies"
"04/19/2015","PANERA BREAD #3767 0GAITHERSBURG MD",8.68,"  3019260510 
 ","PANERA BREAD","285 KENTLANDS BLVD
GAITHERSBURG
MD","20878-5446
UNITED STATES OF AMERICA (THE)","320151100083063954","Restaurant-Bar & Café"
"04/19/2015","WHOLEFDS KTL 10180 0GAITHERSBURG MD",50.10,"  3012589500 
  Description  Price 
  GROCERY STORES  $50.10 
 ","WHOLE FOODS MARKET","316 KENTLANDS BLVD
GAITHERSBURG
MD","20878-5458
UNITED STATES OF AMERICA (THE)","320151100083935702","Merchandise & Supplies-Groceries"
"04/20/2015","ARCLIGHT BETHESDA 00BETHESDA MD",11.75,"  3106079630 
  Description 
  GENERAL MERCHANDISE 
 ","ARCLIFGHT BETHESDA","7101 DEMOCRACY BLVD
BETHESDA
MD","20817
UNITED STATES OF AMERICA (THE)","320151110094544787","Entertainment-Theatrical Events"
"04/20/2015","GIANT FOOD INC #150 GAITHERSBURG MD",24.78,"  GROCERY STORE 
 ","GIANT 150","46 BUREAU DR
GAITHERSBURG
MD","20878-1402
UNITED STATES OF AMERICA (THE)","320151100075080470","Merchandise & Supplies-Groceries"
"04/22/2015","ELEPHANT JUMPS 0607 FALLS CHURCH VA",31.50,"  703-942-6600 
  Description 
  FOOD/BEVERAGE 
 ","ELEPHANT JUMPS","8110 ARLINGTON BLVD
FALLS CHURCH
VA","22042-1002
UNITED STATES OF AMERICA (THE)","320151130131232379","Restaurant-Restaurant"
"04/22/2015","GIANT FOOD INC #320 GAITHERSBURG MD",10.99,"  GROCERY STORE 
 ","GIANT FOOD","229 KENTLANDS BLVD
GAITHERSBURG
MD","20878-5446
UNITED STATES OF AMERICA (THE)","320151130133193430","Merchandise & Supplies-Groceries"
"04/22/2015","GIANT FOOD INC #320 GAITHERSBURG MD",53.51,"  GROCERY STORE 
 ","GIANT FOOD","229 KENTLANDS BLVD
GAITHERSBURG
MD","20878-5446
UNITED STATES OF AMERICA (THE)","320151130131770260","Merchandise & Supplies-Groceries"
"04/22/2015","SHELL OIL 5754357630GAITHERSBURG MD",23.72,"  AUTO FUEL DISPENSER 
 ","SHELL","12700 NORTHBOROUGH DR
HOUSTON
TX","77067-2552
UNITED STATES OF AMERICA (THE)","320151130128384500","Transportation-Fuel"
"04/23/2015","GIANT FOOD INC #320 GAITHERSBURG MD",11.07,"  GROCERY STORE 
 ","GIANT FOOD","229 KENTLANDS BLVD
GAITHERSBURG
MD","20878-5446
UNITED STATES OF AMERICA (THE)","320151140151407328","Merchandise & Supplies-Groceries"
"04/26/2015","PANERA BREAD #1162 0FALLS CHURCH VA",22.63,"  7032070145 
 ","SAINT LOUIS BREAD","8191 STRAWBERRY LANE
FALLS CHURCH
VA","22042
UNITED STATES OF AMERICA (THE)","320151170194109791","Restaurant-Bar & Café"
"04/26/2015","WHOLEFDS KTL 10180 0GAITHERSBURG MD",24.58,"  3012589500 
  Description  Price 
  GROCERY STORES  $24.58 
 ","WHOLE FOODS MARKET","316 KENTLANDS BLVD
GAITHERSBURG
MD","20878-5458
UNITED STATES OF AMERICA (THE)","320151170194591292","Merchandise & Supplies-Groceries"
"04/29/2015","GIANT FOOD INC #320 GAITHERSBURG MD",17.61,"  GROCERY STORE 
 ","GIANT FOOD","229 KENTLANDS BLVD
GAITHERSBURG
MD","20878-5446
UNITED STATES OF AMERICA (THE)","320151190219768497","Merchandise & Supplies-Groceries"
"05/03/2015","WHOLEFDS KTL 10180 0GAITHERSBURG MD",22.13,"  3012589500 
  Description  Price 
  GROCERY STORES  $22.13 
 ","WHOLE FOODS MARKET","316 KENTLANDS BLVD
GAITHERSBURG
MD","20878-5458
UNITED STATES OF AMERICA (THE)","320151240308916691","Merchandise & Supplies-Groceries"
"05/03/2015","WHOLEFDS TYS 10049 07034481600",10.74,"  7034481600 
  GROCERY STORES 
 ","WHOLE FOODS MARKET","7511 LEESBURG PIKE
FALLS CHURCH
VA","22043-2105
UNITED STATES OF AMERICA (THE)","320151240308327701","Merchandise & Supplies-Groceries"
"05/04/2015","POTOMAC GARDEN CENTEURBANA MD",57.18,"  LAWN/GARDEN SUPPLIES 
 ","POTOMAC GARDEN CENTER","8710 FINGERBOARD RD
FREDERICK
MD","21704-7613
UNITED STATES OF AMERICA (THE)","320151250321130581","Merchandise & Supplies-Florists & Garden"
"05/05/2015","GIANT FOOD INC #320 GAITHERSBURG MD",6.50,"  GROCERY STORE 
 ","GIANT FOOD","229 KENTLANDS BLVD
GAITHERSBURG
MD","20878-5446
UNITED STATES OF AMERICA (THE)","320151260342651752","Merchandise & Supplies-Groceries"
"05/05/2015","GIANT FOOD INC #320 GAITHERSBURG MD",23.90,"  GROCERY STORE 
 ","GIANT FOOD","229 KENTLANDS BLVD
GAITHERSBURG
MD","20878-5446
UNITED STATES OF AMERICA (THE)","320151260345130965","Merchandise & Supplies-Groceries"
"05/05/2015","WHOLEFDS KTL 10180 0GAITHERSBURG MD",29.12,"  3012589500 
  Description  Price 
  GROCERY STORES  $29.12 
 ","WHOLE FOODS MARKET","316 KENTLANDS BLVD
GAITHERSBURG
MD","20878-5458
UNITED STATES OF AMERICA (THE)","320151260342073170","Merchandise & Supplies-Groceries"
"05/06/2015","LOWE'S OF GAITHERSBUGAITHERSBURG MD",17.64,"  301-208-0400 
 ","LOWE'S","40 MARKET ST
GAITHERSBURG
MD","20878-5446
UNITED STATES OF AMERICA (THE)","320151260334313833","Merchandise & Supplies-Hardware Supplies"
"05/07/2015","GIANT FOOD INC #320 GAITHERSBURG MD",25.65,"  GROCERY STORE 
 ","GIANT FOOD","229 KENTLANDS BLVD
GAITHERSBURG
MD","20878-5446
UNITED STATES OF AMERICA (THE)","320151280379386194","Merchandise & Supplies-Groceries"
"05/12/2015","GIANT FOOD INC #320 GAITHERSBURG MD",7.38,"  GROCERY STORE 
 ","GIANT FOOD","229 KENTLANDS BLVD
GAITHERSBURG
MD","20878-5446
UNITED STATES OF AMERICA (THE)","320151330459068629","Merchandise & Supplies-Groceries"
"05/12/2015","GIANT FOOD INC #320 GAITHERSBURG MD",73.16,"  GROCERY STORE 
 ","GIANT FOOD","229 KENTLANDS BLVD
GAITHERSBURG
MD","20878-5446
UNITED STATES OF AMERICA (THE)","320151330458846702","Merchandise & Supplies-Groceries"
"05/16/2015","SEARS ROEBUCK 01754 GAITHERSBURG MD",22.25,"  _ 
  Description  Price 
  FLOORCARE AND SEWIN  $20.99 
 ","SEARS","701 RUSSELL AVE
STE 1
GAITHERSBURG
MD","20877-2612
UNITED STATES OF AMERICA (THE)","320151370522348991","Merchandise & Supplies-Department Stores"
"05/16/2015","SEARS ROEBUCK 01754 GAITHERSBURG MD",50.90,"  _ 
  Description  Price 
  MENS SPORTSWEAR  $19.99 
  MENS SPORTSWEAR  $17.99 
  TEAM SPORTSWEAR  $9.99 
  GENERAL MERCHANDISE  $0.05 
 ","SEARS","701 RUSSELL AVE
STE 1
GAITHERSBURG
MD","20877-2612
UNITED STATES OF AMERICA (THE)","320151370522915369","Merchandise & Supplies-Department Stores"
"05/16/2015","TRADER JOE'S #648 QGAITHERSBURG MD",11.07,"  626-599-3700 
  Description 
  GROCERY STORES,SUPE 
 ","TRADER JOE'S","18270 CONTOUR RD
MONTGOMERY VILLAGE
MD","20877-2625
UNITED STATES OF AMERICA (THE)","320151370519117951","Merchandise & Supplies-Groceries"
"05/16/2015","WHOLEFDS KTL 10180 03012589500",30.73,"  3012589500 
  GROCERY STORES 
 ","WHOLE FOODS MARKET","316 KENTLANDS BLVD
GAITHERSBURG
MD","20878-5458
UNITED STATES OF AMERICA (THE)","320151370518650688","Merchandise & Supplies-Groceries"
"05/18/2015","GIANT FOOD INC #320 GAITHERSBURG MD",45.37,"  GROCERY STORE 
 ","GIANT FOOD","229 KENTLANDS BLVD
GAITHERSBURG
MD","20878-5446
UNITED STATES OF AMERICA (THE)","320151390559041742","Merchandise & Supplies-Groceries"
"05/19/2015","GIANT FOOD INC #320 GAITHERSBURG MD",16.88,"  GROCERY STORE 
 ","GIANT FOOD","229 KENTLANDS BLVD
GAITHERSBURG
MD","20878-5446
UNITED STATES OF AMERICA (THE)","320151400573684094","Merchandise & Supplies-Groceries"
"05/20/2015","GIANT FOOD INC #320 GAITHERSBURG MD",8.47,"  GROCERY STORE 
 ","GIANT FOOD","229 KENTLANDS BLVD
GAITHERSBURG
MD","20878-5446
UNITED STATES OF AMERICA (THE)","320151400566756998","Merchandise & Supplies-Groceries"
"05/22/2015","GIANT FOOD INC #320 GAITHERSBURG MD",13.84,"  GROCERY STORE 
 ","GIANT FOOD","229 KENTLANDS BLVD
GAITHERSBURG
MD","20878-5446
UNITED STATES OF AMERICA (THE)","320151420598058796","Merchandise & Supplies-Groceries"
"05/23/2015","WHOLEFDS KTL 10180 03012589500",49.47,"  3012589500 
  GROCERY STORES 
 ","WHOLE FOODS MARKET","316 KENTLANDS BLVD
GAITHERSBURG
MD","20878-5458
UNITED STATES OF AMERICA (THE)","320151440637336228","Merchandise & Supplies-Groceries"
"05/24/2015","GIANT FOOD INC #320 GAITHERSBURG MD",36.99,"  GROCERY STORE 
 ","GIANT FOOD","229 KENTLANDS BLVD
GAITHERSBURG
MD","20878-5446
UNITED STATES OF AMERICA (THE)","320151450656426362","Merchandise & Supplies-Groceries"
"05/24/2015","LOWE'S OF GAITHERSBUGAITHERSBURG MD",10.98,"  301-208-0400 
 ","LOWE'S","40 MARKET ST
GAITHERSBURG
MD","20878-5446
UNITED STATES OF AMERICA (THE)","320151450645035160","Merchandise & Supplies-Hardware Supplies"
"05/24/2015","WA NATIONALS 800-352-0212 DC",171.50,"  TICKETS 
 ","TKTS.COM WA NATIONALS","555 ANTON BLVD
COSTA MESA
CA","92626
UNITED STATES OF AMERICA (THE)","320151450645846815","Entertainment-General Events"
"05/26/2015","GIANT FOOD INC #150 GAITHERSBURG MD",18.92,"  GROCERY STORE 
 ","GIANT 150","46 BUREAU DR
GAITHERSBURG
MD","20878-1402
UNITED STATES OF AMERICA (THE)","320151470682459938","Merchandise & Supplies-Groceries"
"05/28/2015","GIANT FOOD INC #320 GAITHERSBURG MD",47.86,"  GROCERY STORE 
 ","GIANT FOOD","229 KENTLANDS BLVD
GAITHERSBURG
MD","20878-5446
UNITED STATES OF AMERICA (THE)","320151480690171081","Merchandise & Supplies-Groceries"
"05/28/2015","LOWE'S OF GAITHERSBUGAITHERSBURG MD",8.46,"  301-208-0400 
 ","LOWE'S","40 MARKET ST
GAITHERSBURG
MD","20878-5446
UNITED STATES OF AMERICA (THE)","320151490708159620","Merchandise & Supplies-Hardware Supplies"
"05/30/2015","WHOLEFDS KTL 10180 03012589500",77.69,"  3012589500 
  GROCERY STORES 
 ","WHOLE FOODS MARKET","316 KENTLANDS BLVD
GAITHERSBURG
MD","20878-5458
UNITED STATES OF AMERICA (THE)","320151510751115444","Merchandise & Supplies-Groceries"
"06/02/2015","GIANT FOOD INC #320 GAITHERSBURG MD",25.00,"  GROCERY STORE 
 ","GIANT FOOD","229 KENTLANDS BLVD
GAITHERSBURG
MD","20878-5446
UNITED STATES OF AMERICA (THE)","320151540798763238","Merchandise & Supplies-Groceries"
"06/02/2015","WHOLEFDS KTL 10180 0GAITHERSBURG MD",7.56,"  3012589500 
  Description  Price 
  GROCERY STORES  $7.56 
 ","WHOLE FOODS MARKET","316 KENTLANDS BLVD
GAITHERSBURG
MD","20878-5458
UNITED STATES OF AMERICA (THE)","320151540795928365","Merchandise & Supplies-Groceries"
"06/04/2015","GIANT FOOD INC #320 GAITHERSBURG MD",24.30,"  GROCERY STORE 
 ","GIANT FOOD","229 KENTLANDS BLVD
GAITHERSBURG
MD","20878-5446
UNITED STATES OF AMERICA (THE)","320151550807001179","Merchandise & Supplies-Groceries"
"06/04/2015","USPS 233529087906154GAITHERSBURG MD",4.16,"  800-2758777 
 ","CAPITAL","900 BRENTWOOD RD NE
WASHINGTON
DC","20066-9201
UNITED STATES OF AMERICA (THE)","320151560836555261","Business Services-Mailing & Shipping"
"06/06/2015","WHOLEFDS KTL 10180 03012589500",18.74,"  3012589500 
  GROCERY STORES 
 ","WHOLE FOODS MARKET","316 KENTLANDS BLVD
GAITHERSBURG
MD","20878-5458
UNITED STATES OF AMERICA (THE)","320151580867446904","Merchandise & Supplies-Groceries"
"06/08/2015","GIANT FOOD INC #320 GAITHERSBURG MD",21.57,"  GROCERY STORE 
 ","GIANT FOOD","229 KENTLANDS BLVD
GAITHERSBURG
MD","20878-5446
UNITED STATES OF AMERICA (THE)","320151600895802031","Merchandise & Supplies-Groceries"
"06/08/2015","WHOLEFDS KTL 10180 0GAITHERSBURG MD",37.21,"  3012589500 
  Description  Price 
  GROCERY STORES  $37.21 
 ","WHOLE FOODS MARKET","316 KENTLANDS BLVD
GAITHERSBURG
MD","20878-5458
UNITED STATES OF AMERICA (THE)","320151600898142782","Merchandise & Supplies-Groceries"
"06/09/2015","GIANT FOOD INC #150 GAITHERSBURG MD",7.41,"  GROCERY STORE 
 ","GIANT 150","46 BUREAU DR
GAITHERSBURG
MD","20878-1402
UNITED STATES OF AMERICA (THE)","320151600888887684","Merchandise & Supplies-Groceries"
"06/11/2015","SAFEWAY STORE 1956ROCKVILLE MD",11.54,"  GROCERY STORE 
 ","SAFEWAY","14939 SHADY GROVE RD
ROCKVILLE
MD","20850-7719
UNITED STATES OF AMERICA (THE)","320151630943283509","Merchandise & Supplies-Groceries"
"06/12/2015","CMS MEDICARE SERVICE8006334227",204.90,"  078403928T 0615 21224 
  MEDICARE BILLING 
 ","CMS MEDICARE DATA FEE","7500 SECURITY BLVD
MSC N1-15-03
BALTIMORE
MD","21244-1849
UNITED STATES OF AMERICA (THE)","320151640968227329","Other-Government Services"
"06/14/2015","GIANT FOOD INC #150 GAITHERSBURG MD",28.77,"  GROCERY STORE 
 ","GIANT 150","46 BUREAU DR
GAITHERSBURG
MD","20878-1402
UNITED STATES OF AMERICA (THE)","320151660992874759","Merchandise & Supplies-Groceries"
"06/14/2015","PANERA BREAD #1162 0FALLS CHURCH VA",20.94,"  7032070145 
 ","SAINT LOUIS BREAD","8191 STRAWBERRY LANE
FALLS CHURCH
VA","22042
UNITED STATES OF AMERICA (THE)","320151660996524085","Restaurant-Bar & Café"
"06/15/2015","GIANT FOOD INC #320 GAITHERSBURG MD",1.79,"  GROCERY STORE 
 ","GIANT FOOD","229 KENTLANDS BLVD
GAITHERSBURG
MD","20878-5446
UNITED STATES OF AMERICA (THE)","320151660988917245","Merchandise & Supplies-Groceries"
"06/15/2015","WHOLEFDS KTL 10180 0GAITHERSBURG MD",59.15,"  3012589500 
  Description  Price 
  GROCERY STORES  $59.15 
 ","WHOLE FOODS MARKET","316 KENTLANDS BLVD
GAITHERSBURG
MD","20878-5458
UNITED STATES OF AMERICA (THE)","320151670012108651","Merchandise & Supplies-Groceries"
"06/16/2015","GIANT FOOD INC #320 GAITHERSBURG MD",11.67,"  GROCERY STORE 
 ","GIANT FOOD","229 KENTLANDS BLVD
GAITHERSBURG
MD","20878-5446
UNITED STATES OF AMERICA (THE)","320151680033281707","Merchandise & Supplies-Groceries"
"06/16/2015","GIANT FOOD INC #320 GAITHERSBURG MD",29.05,"  GROCERY STORE 
 ","GIANT FOOD","229 KENTLANDS BLVD
GAITHERSBURG
MD","20878-5446
UNITED STATES OF AMERICA (THE)","320151680032729771","Merchandise & Supplies-Groceries"
"06/20/2015","GIANT FOOD INC #320 GAITHERSBURG MD",64.29,"  GROCERY STORE 
 ","GIANT FOOD","229 KENTLANDS BLVD
GAITHERSBURG
MD","20878-5446
UNITED STATES OF AMERICA (THE)","320151710072892177","Merchandise & Supplies-Groceries"
"06/21/2015","LOWE'S OF GAITHERSBUGAITHERSBURG MD",11.64,"  301-208-0400 
 ","LOWE'S","40 MARKET ST
GAITHERSBURG
MD","20878-5446
UNITED STATES OF AMERICA (THE)","320151730104921717","Merchandise & Supplies-Hardware Supplies"
"06/21/2015","WHOLEFDS KTL 10180 03012589500",16.60,"  3012589500 
  GROCERY STORES 
 ","WHOLE FOODS MARKET","316 KENTLANDS BLVD
GAITHERSBURG
MD","20878-5458
UNITED STATES OF AMERICA (THE)","320151730110141412","Merchandise & Supplies-Groceries"
"06/22/2015","GIANT FOOD INC #320 GAITHERSBURG MD",37.16,"  GROCERY STORE 
 ","GIANT FOOD","229 KENTLANDS BLVD
GAITHERSBURG
MD","20878-5446
UNITED STATES OF AMERICA (THE)","320151740129341030","Merchandise & Supplies-Groceries"
"06/24/2015","WHOLEFDS KTL 10180 03012589500",53.63,"  3012589500 
  GROCERY STORES 
 ","WHOLE FOODS MARKET","316 KENTLANDS BLVD
GAITHERSBURG
MD","20878-5458
UNITED STATES OF AMERICA (THE)","320151760159889783","Merchandise & Supplies-Groceries"
"06/28/2015","GIANT FOOD INC #320 GAITHERSBURG MD",52.01,"  GROCERY STORE 
 ","GIANT FOOD","229 KENTLANDS BLVD
GAITHERSBURG
MD","20878-5446
UNITED STATES OF AMERICA (THE)","320151800227025300","Merchandise & Supplies-Groceries"
"06/29/2015","WHOLEFDS KTL 10180 0GAITHERSBURG MD",31.51,"  3012589500 
  Description  Price 
  GROCERY STORES  $31.51 
 ","WHOLE FOODS MARKET","316 KENTLANDS BLVD
GAITHERSBURG
MD","20878-5458
UNITED STATES OF AMERICA (THE)","320151810238742060","Merchandise & Supplies-Groceries"
"06/30/2015","GIANT FOOD INC #150 GAITHERSBURG MD",31.94,"  GROCERY STORE 
 ","GIANT 150","46 BUREAU DR
GAITHERSBURG
MD","20878-1402
UNITED STATES OF AMERICA (THE)","320151820258861698","Merchandise & Supplies-Groceries"
"07/03/2015","WEGMANS #030 00000005854644600",32.90,"  5854644600 
 ","WEGMANS","6789 EAST GENESEE ST
FAYETTEVILLE
NY","13066
UNITED STATES OF AMERICA (THE)","320151850307686794","Merchandise & Supplies-Groceries"
"07/05/2015","BURGER KING #13265 0THURMONT MD",4.43,"  301-271-1041 
  Description 
  FAST FOOD RESTAURAN 
 ","BURGER KING","427 N CHURCH ST
THURMONT
MD","21788-1644
UNITED STATES OF AMERICA (THE)","320151870340473644","Restaurant-Bar & Café"
"07/06/2015","2WSHGTN NTNLS 646300WASHINGTON DC",13.75,"  877-6647329 
  FOOD/BEVERAGE  $13.75 
 ","WA NATIONALS","1500 S CAPITOL ST SE
WASHINGTON
DC","20003-3599
UNITED STATES OF AMERICA (THE)","320151880348568513","Restaurant-Bar & Café"
"07/06/2015","METRO PARKING 631351VIENNA VA",4.85,"  202-9625711 
 ","WA METRO ATA EXPRESS VDNR","600 5TH ST NW
WASHINGTON
DC","20001-2610
UNITED STATES OF AMERICA (THE)","320151880353898652","Transportation-Rail Services"
"07/09/2015","WHOLEFDS KTL 10180 03012589500",65.83,"  3012589500 
  GROCERY STORES 
 ","WHOLE FOODS MARKET","316 KENTLANDS BLVD
GAITHERSBURG
MD","20878-5458
UNITED STATES OF AMERICA (THE)","320151910402502331","Merchandise & Supplies-Groceries"
"07/09/2015","YOUR CASH REWARD/REFUND IS",-100.00," AMERICAN EXPRESS CASH REBATE TRANSACTION 
 ",,,,"320151900391676971","Fees & Adjustments-Fees & Adjustments"
"07/10/2015","GIANT FOOD INC #320 GAITHERSBURG MD",4.58,"  GROCERY STORE 
 ","GIANT FOOD","229 KENTLANDS BLVD
GAITHERSBURG
MD","20878-5446
UNITED STATES OF AMERICA (THE)","320151920426345787","Merchandise & Supplies-Groceries"
"07/10/2015","GIANT FOOD INC #320 GAITHERSBURG MD",13.47,"  GROCERY STORE 
 ","GIANT FOOD","229 KENTLANDS BLVD
GAITHERSBURG
MD","20878-5446
UNITED STATES OF AMERICA (THE)","320151910396138434","Merchandise & Supplies-Groceries"
"07/13/2015","CMS MEDICARE SERVICE8006334227",159.20,"  078403928T 0715 21224 
  MEDICARE BILLING 
 ","CMS MEDICARE DATA FEE","7500 SECURITY BLVD
MSC N1-15-03
BALTIMORE
MD","21244-1849
UNITED STATES OF AMERICA (THE)","320151960487659202","Other-Government Services"
"07/13/2015","GIANT FOOD INC #320 GAITHERSBURG MD",50.58,"  GROCERY STORE 
 ","GIANT FOOD","229 KENTLANDS BLVD
GAITHERSBURG
MD","20878-5446
UNITED STATES OF AMERICA (THE)","320151950470347725","Merchandise & Supplies-Groceries"
"07/18/2015","WHOLEFDS KTL 10180 03012589500",67.14,"  3012589500 
  GROCERY STORES 
 ","WHOLE FOODS MARKET","316 KENTLANDS BLVD
GAITHERSBURG
MD","20878-5458
UNITED STATES OF AMERICA (THE)","320152000548966634","Merchandise & Supplies-Groceries"
"07/19/2015","AFC MOSAIC THEATER #FAIRFAX VA",22.00,"  213-235-2257 
 ","AFC MOSAIC THEATER","2911 DISTRICT AVE STE 200
FAIRFAX
VA","22031
UNITED STATES OF AMERICA (THE)","320152020585391512","Entertainment-Theatrical Events"
"07/19/2015","OPEN ROAD FALLS CHRURCH VA",33.09,"  571-395-4400 
  TIP  $5.00 
 ","OPEN ROAD","8100 LEE HIGHWAY
FALLS CHRURCH
VA","22046
UNITED STATES OF AMERICA (THE)","320152010569428597","Restaurant-Restaurant"
"07/20/2015","GIANT FOOD INC #320 GAITHERSBURG MD",36.86,"  GROCERY STORE 
 ","GIANT FOOD","229 KENTLANDS BLVD
GAITHERSBURG
MD","20878-5446
UNITED STATES OF AMERICA (THE)","320152010571562774","Merchandise & Supplies-Groceries"
"07/21/2015","VERIZON WRLS 02242018009220204",158.99,"  8009220204 
  LECOMMUNICATION EQUIPMENT AND TELEPHONE 
 ","VERIZON WRLS","472 N FREDERICK AVE
GAITHERSBURG
MD","20877-2421
UNITED STATES OF AMERICA (THE)","320152030595727075","Communications-Telephone Comm"
"07/22/2015","WHOLEFDS KTL 10180 0GAITHERSBURG MD",27.92,"  3012589500 
  Description  Price 
  GROCERY STORES  $27.92 
 ","WHOLE FOODS MARKET","316 KENTLANDS BLVD
GAITHERSBURG
MD","20878-5458
UNITED STATES OF AMERICA (THE)","320152040616044792","Merchandise & Supplies-Groceries"
"07/24/2015","GIANT FOOD INC #320 GAITHERSBURG MD",26.18,"  GROCERY STORE 
 ","GIANT FOOD","229 KENTLANDS BLVD
GAITHERSBURG
MD","20878-5446
UNITED STATES OF AMERICA (THE)","320152060654703194","Merchandise & Supplies-Groceries"
"07/24/2015","WHOLEFDS KTL 10180 03012589500",45.18,"  3012589500 
  GROCERY STORES 
 ","WHOLE FOODS MARKET","316 KENTLANDS BLVD
GAITHERSBURG
MD","20878-5458
UNITED STATES OF AMERICA (THE)","320152060648776635","Merchandise & Supplies-Groceries"
"07/26/2015","SAFEWAY STORE 1304FALLS CHURCH VA",12.28,"  GROCERY STORE 
 ","SAFEWAY","7397 LEE HWY
FALLS CHURCH
VA","22042-1721
UNITED STATES OF AMERICA (THE)","320152080677079213","Merchandise & Supplies-Groceries"
"07/28/2015","GIANT FOOD INC #320 GAITHERSBURG MD",39.88,"  GROCERY STORE 
 ","GIANT FOOD","229 KENTLANDS BLVD
GAITHERSBURG
MD","20878-5446
UNITED STATES OF AMERICA (THE)","320152090688492770","Merchandise & Supplies-Groceries"
"07/29/2015","PANERA BREAD #1162 0FALLS CHURCH VA",9.09,"  7032070145 
 ","SAINT LOUIS BREAD","8191 STRAWBERRY LANE
FALLS CHURCH
VA","22042
UNITED STATES OF AMERICA (THE)","320152110731034575","Restaurant-Bar & Café"
"07/31/2015","TOPS MARKETS #367 CAZENOVIA NY",20.68,"  GROCERY STORE 
 ","TOPS MARKETS","71 NELSON ST
CAZENOVIA
NY","13035-1322
UNITED STATES OF AMERICA (THE)","320152130754248647","Merchandise & Supplies-Groceries"
"08/03/2015","WEGMANS #030 00000005854644600",309.40,"  5854644600 
 ","WEGMANS","6789 EAST GENESEE ST
FAYETTEVILLE
NY","13066
UNITED STATES OF AMERICA (THE)","320152160807411831","Merchandise & Supplies-Groceries"
"08/04/2015","WEGMANS #031 00000005854644600",14.08,"  5854644600 
 ","WEGMANS","4722 ONONDAGA BLVD
SYRACUSE
NY","13219
UNITED STATES OF AMERICA (THE)","320152170825669321","Merchandise & Supplies-Groceries"
"08/06/2015","TOPS MARKETS #367 CAZENOVIA NY",21.83,"  GROCERY STORE 
 ","TOPS MARKETS","71 NELSON ST
CAZENOVIA
NY","13035-1322
UNITED STATES OF AMERICA (THE)","320152190864131934","Merchandise & Supplies-Groceries"
"08/07/2015","TOPS MARKETS #367 CAZENOVIA NY",14.22,"  GROCERY STORE 
 ","TOPS MARKETS","71 NELSON ST
CAZENOVIA
NY","13035-1322
UNITED STATES OF AMERICA (THE)","320152200879490430","Merchandise & Supplies-Groceries"
"08/08/2015","SUNOCO 0474366200 DE RUYTER NY",27.28,"  AUTO FUEL DISPENSER 
 ","SUN REFINING & MARKETTING","PO BOX 2301
TULSA
OK","74102-2301
UNITED STATES OF AMERICA (THE)","320152210890690315","Transportation-Fuel"
"08/11/2015","GIANT FOOD INC #320 GAITHERSBURG MD",42.01,"  GROCERY STORE 
 ","GIANT FOOD","229 KENTLANDS BLVD
GAITHERSBURG
MD","20878-5446
UNITED STATES OF AMERICA (THE)","320152240946086868","Merchandise & Supplies-Groceries"
"08/15/2015","GIANT FOOD INC #320 GAITHERSBURG MD",57.47,"  GROCERY STORE 
 ","GIANT FOOD","229 KENTLANDS BLVD
GAITHERSBURG
MD","20878-5446
UNITED STATES OF AMERICA (THE)","320152280008472541","Merchandise & Supplies-Groceries"
"08/18/2015","WEGMANS GERMANTOWN #5854644600",45.85,"  5854644600 
 ","GERMANTOWN 56","20600 SENECA MEADOWS PARKWAY
GERMANTOWN
MD","20876
UNITED STATES OF AMERICA (THE)","320152310055615014","Merchandise & Supplies-Groceries"
"08/19/2015","GIANT FOOD INC #320 GAITHERSBURG MD",9.28,"  GROCERY STORE 
 ","GIANT FOOD","229 KENTLANDS BLVD
GAITHERSBURG
MD","20878-5446
UNITED STATES OF AMERICA (THE)","320152320082387663","Merchandise & Supplies-Groceries"
"08/22/2015","GIANT FOOD INC #320 GAITHERSBURG MD",51.66,"  GROCERY STORE 
 ","GIANT FOOD","229 KENTLANDS BLVD
GAITHERSBURG
MD","20878-5446
UNITED STATES OF AMERICA (THE)","320152350131361964","Merchandise & Supplies-Groceries"
"08/22/2015","WHOLEFDS KTL 10180 03012589500",29.43,"  3012589500 
  GROCERY STORES 
 ","WHOLE FOODS MARKET","316 KENTLANDS BLVD
GAITHERSBURG
MD","20878-5458
UNITED STATES OF AMERICA (THE)","320152350126205851","Merchandise & Supplies-Groceries"
"08/23/2015","GIANT FOOD INC #161 GAITHERSBURG MD",11.28,"  GROCERY STORE 
 ","GIANT 161","16837 CRABBS BRANCH WAY
DERWOOD
MD","20855-2215
UNITED STATES OF AMERICA (THE)","320152350119862742","Merchandise & Supplies-Groceries"
"08/26/2015","GIANT FOOD INC #320 GAITHERSBURG MD",4.79,"  GROCERY STORE 
 ","GIANT FOOD","229 KENTLANDS BLVD
GAITHERSBURG
MD","20878-5446
UNITED STATES OF AMERICA (THE)","320152380168081940","Merchandise & Supplies-Groceries"
"08/27/2015","TOPS MARKETS #367 CAZENOVIA NY",28.22,"  GROCERY STORE 
 ","TOPS MARKETS","71 NELSON ST
CAZENOVIA
NY","13035-1322
UNITED STATES OF AMERICA (THE)","320152400210953637","Merchandise & Supplies-Groceries"
"08/30/2015","DE RUYTER BIG M 0000DE RUYTER NY",8.96,"  3158526211 
 ","DE RUYTER BIG M SUPERMARKET","413 STATE HWY 13
DE RUYTER
NY","13052
UNITED STATES OF AMERICA (THE)","320152430253969109","Merchandise & Supplies-Groceries"
"09/03/2015","CMS MEDICARE SERVICE8006334227",159.20,"  078403928T 0915 21224 
  MEDICARE BILLING 
 ","CMS MEDICARE DATA FEE","7500 SECURITY BLVD
MSC N1-15-03
BALTIMORE
MD","21244-1849
UNITED STATES OF AMERICA (THE)","320152470327359592","Other-Government Services"
"09/03/2015","P & C # 095 00000000CORTLAND NY",16.32,"  6077538479 
 ","P & C FOODS","164 CLINTON AVE
CORTLAND
NY","13045-1344
UNITED STATES OF AMERICA (THE)","320152470324842708","Merchandise & Supplies-Groceries"
"09/03/2015","WEGMANS GERMANTOWN #5854644600",86.55,"  5854644600 
 ","GERMANTOWN 56","20600 SENECA MEADOWS PARKWAY
GERMANTOWN
MD","20876
UNITED STATES OF AMERICA (THE)","320152470319222379","Merchandise & Supplies-Groceries"
"09/05/2015","GIANT FOOD INC #320 GAITHERSBURG MD",40.48,"  GROCERY STORE 
 ","GIANT FOOD","229 KENTLANDS BLVD
GAITHERSBURG
MD","20878-5446
UNITED STATES OF AMERICA (THE)","320152490357721455","Merchandise & Supplies-Groceries"
"09/06/2015","GIANT FOOD INC #320 GAITHERSBURG MD",65.98,"  GROCERY STORE 
 ","GIANT FOOD","229 KENTLANDS BLVD
GAITHERSBURG
MD","20878-5446
UNITED STATES OF AMERICA (THE)","320152500370677899","Merchandise & Supplies-Groceries"
"09/07/2015","GIANT FOOD INC #320 GAITHERSBURG MD",1.44,"  GROCERY STORE 
 ","GIANT FOOD","229 KENTLANDS BLVD
GAITHERSBURG
MD","20878-5446
UNITED STATES OF AMERICA (THE)","320152500365179304","Merchandise & Supplies-Groceries"
"09/07/2015","GIANT FOOD INC #320 GAITHERSBURG MD",15.18,"  GROCERY STORE 
 ","GIANT FOOD","229 KENTLANDS BLVD
GAITHERSBURG
MD","20878-5446
UNITED STATES OF AMERICA (THE)","320152500363439146","Merchandise & Supplies-Groceries"
"09/07/2015","WHOLEFDS KTL 10180 03012589500",12.92,"  3012589500 
  GROCERY STORES 
 ","WHOLE FOODS MARKET","316 KENTLANDS BLVD
GAITHERSBURG
MD","20878-5458
UNITED STATES OF AMERICA (THE)","320152510384808462","Merchandise & Supplies-Groceries"
"09/08/2015","CRONIG'S MARKET 0000VINEYARD HAVE MA",31.12,"  5086932234 
  Description 
  GROCERY STORE 
 ","CRONIG'S MARKET S","109 STATE RD
VINEYARD HAVEN
MA","02568-5574
UNITED STATES OF AMERICA (THE)","320152520396965514","Merchandise & Supplies-Groceries"
"09/09/2015","CRONIG'S MARKET 0000VINEYARD HAVE MA",55.02,"  5086932234 
  Description 
  GROCERY STORE 
 ","CRONIG'S MARKET S","109 STATE RD
VINEYARD HAVEN
MA","02568-5574
UNITED STATES OF AMERICA (THE)","320152530413988019","Merchandise & Supplies-Groceries"
"09/10/2015","CMS MEDICARE SERVICE8006334227",159.20,"  078403928T 0915X 21224 
  MEDICARE BILLING 
 ","CMS MEDICARE DATA FEE","7500 SECURITY BLVD
MSC N1-15-03
BALTIMORE
MD","21244-1849
UNITED STATES OF AMERICA (THE)","320152550455307479","Other-Government Services"
"09/11/2015","STOP & SHOP #422 EDGARTOWN MA",32.61,"  GROCERY STORE 
 ","STOP & SHOP","225 UPPER MAIN ST
EDGARTOWN
MA","02539-5927
UNITED STATES OF AMERICA (THE)","320152540427407415","Merchandise & Supplies-Groceries"
"09/11/2015","STOP&SHOP PHARMACY#3EDGARTOWN MA",9.15,"  GROCERY STORE 
 ","STOP&SHOP PHARMACY","245 EDGARTOWN VINEYARD H
EDGARTOWN
MA","02539-6941
UNITED STATES OF AMERICA (THE)","320152540427409067","Merchandise & Supplies-Groceries"
"09/12/2015","STOP & SHOP #423 VINYARD HAVEN MA",24.57,"  GROCERY STORE 
 ","STOP & SHOP","18 WATER ST
VINEYARD HAVEN
MA","02568
UNITED STATES OF AMERICA (THE)","320152550442295640","Merchandise & Supplies-Groceries"
"09/13/2015","STOP & SHOP #423 VINYARD HAVEN MA",2.79,"  GROCERY STORE 
 ","STOP & SHOP","18 WATER ST
VINEYARD HAVEN
MA","02568
UNITED STATES OF AMERICA (THE)","320152560460384723","Merchandise & Supplies-Groceries"
"09/16/2015","WHOLEFDS KTL 10180 03012589500",41.13,"  3012589500 
  GROCERY STORES 
 ","WHOLE FOODS MARKET","316 KENTLANDS BLVD
GAITHERSBURG
MD","20878-5458
UNITED STATES OF AMERICA (THE)","320152600530866567","Merchandise & Supplies-Groceries"
"09/17/2015","GIANT FOOD INC #320 GAITHERSBURG MD",22.33,"  GROCERY STORE 
 ","GIANT FOOD","229 KENTLANDS BLVD
GAITHERSBURG
MD","20878-5446
UNITED STATES OF AMERICA (THE)","320152610551612738","Merchandise & Supplies-Groceries"
"09/17/2015","WHOLEFDS KTL 10180 0GAITHERSBURG MD",21.50,"  3012589500 
  Description  Price 
  GROCERY STORES  $21.50 
 ","WHOLE FOODS MARKET","316 KENTLANDS BLVD
GAITHERSBURG
MD","20878-5458
UNITED STATES OF AMERICA (THE)","320152610549167908","Merchandise & Supplies-Groceries"
"09/20/2015","GIANT FOOD INC #150 GAITHERSBURG MD",18.64,"  GROCERY STORE 
 ","GIANT 150","46 BUREAU DR
GAITHERSBURG
MD","20878-1402
UNITED STATES OF AMERICA (THE)","320152640601242651","Merchandise & Supplies-Groceries"
"09/21/2015","GIANT FOOD INC #320 GAITHERSBURG MD",27.31,"  GROCERY STORE 
 ","GIANT FOOD","229 KENTLANDS BLVD
GAITHERSBURG
MD","20878-5446
UNITED STATES OF AMERICA (THE)","320152650617608513","Merchandise & Supplies-Groceries"
"09/23/2015","GIANT FOOD INC #150 GAITHERSBURG MD",15.60,"  GROCERY STORE 
 ","GIANT 150","46 BUREAU DR
GAITHERSBURG
MD","20878-1402
UNITED STATES OF AMERICA (THE)","320152670650928321","Merchandise & Supplies-Groceries"
"09/24/2015","GIANT FOOD INC #320 GAITHERSBURG MD",28.73,"  GROCERY STORE 
 ","GIANT FOOD","229 KENTLANDS BLVD
GAITHERSBURG
MD","20878-5446
UNITED STATES OF AMERICA (THE)","320152670638716096","Merchandise & Supplies-Groceries"
"09/26/2015","GIANT FOOD INC #320 GAITHERSBURG MD",11.49,"  GROCERY STORE 
 ","GIANT FOOD","229 KENTLANDS BLVD
GAITHERSBURG
MD","20878-5446
UNITED STATES OF AMERICA (THE)","320152700695538774","Merchandise & Supplies-Groceries"
"09/27/2015","GIANT FOOD INC #320 GAITHERSBURG MD",21.47,"  GROCERY STORE 
 ","GIANT FOOD","229 KENTLANDS BLVD
GAITHERSBURG
MD","20878-5446
UNITED STATES OF AMERICA (THE)","320152710713731786","Merchandise & Supplies-Groceries"
"09/28/2015","GIANT FOOD INC #320 GAITHERSBURG MD",17.59,"  GROCERY STORE 
 ","GIANT FOOD","229 KENTLANDS BLVD
GAITHERSBURG
MD","20878-5446
UNITED STATES OF AMERICA (THE)","320152720730366340","Merchandise & Supplies-Groceries"
"09/30/2015","GIANT FOOD INC #368 GAITHERSBURG MD",18.58,"  GROCERY STORE 
 ","GIANT 368","842 MUDDY BRANCH RD
GAITHERSBURG
MD","20878-2780
UNITED STATES OF AMERICA (THE)","320152740763014463","Merchandise & Supplies-Groceries"
"10/01/2015","GIANT FOOD GAITHERSBURG MD",32.64,"  GROCERY STORE 
 ","GIANT FOOD","229 KENTLANDS BLVD
GAITHERSBURG
MD","20878-5446
UNITED STATES OF AMERICA (THE)","320152750780935345","Merchandise & Supplies-Groceries"
"10/04/2015","GIANT FOOD GAITHERSBURG MD",40.58,"  GROCERY STORE 
 ","GIANT FOOD","229 KENTLANDS BLVD
GAITHERSBURG
MD","20878-5446
UNITED STATES OF AMERICA (THE)","320152780828634669","Merchandise & Supplies-Groceries"
"10/06/2015","GIANT FOOD GAITHERSBURG MD",47.72,"  GROCERY STORE 
 ","GIANT FOOD","229 KENTLANDS BLVD
GAITHERSBURG
MD","20878-5446
UNITED STATES OF AMERICA (THE)","320152800861139797","Merchandise & Supplies-Groceries"
"10/10/2015","GIANT FOOD GAITHERSBURG MD",74.31,"  GROCERY STORE 
 ","GIANT FOOD","229 KENTLANDS BLVD
GAITHERSBURG
MD","20878-5446
UNITED STATES OF AMERICA (THE)","320152840926762019","Merchandise & Supplies-Groceries"
"10/11/2015","WHOLEFDS KTL 10180 03012589500",32.34,"  3012589500 
  GROCERY STORES 
 ","WHOLE FOODS MARKET","316 KENTLANDS BLVD
GAITHERSBURG
MD","20878-5458
UNITED STATES OF AMERICA (THE)","320152850939736035","Merchandise & Supplies-Groceries"
"10/14/2015","WEGMANS GERMANTOWN #5854644600",-5.00,"  5854644600 
 ","GERMANTOWN 56","20600 SENECA MEADOWS PARKWAY
GERMANTOWN
MD","20876
UNITED STATES OF AMERICA (THE)","320152880988035960","Merchandise & Supplies-Groceries"
"10/14/2015","WEGMANS GERMANTOWN #5854644600",67.28,"  5854644600 
 ","GERMANTOWN 56","20600 SENECA MEADOWS PARKWAY
GERMANTOWN
MD","20876
UNITED STATES OF AMERICA (THE)","320152880987445138","Merchandise & Supplies-Groceries"
"10/17/2015","GIANT FOOD GAITHERSBURG MD",31.87,"  GROCERY STORE 
 ","GIANT FOOD","229 KENTLANDS BLVD
GAITHERSBURG
MD","20878-5446
UNITED STATES OF AMERICA (THE)","320152900019268689","Merchandise & Supplies-Groceries"
"10/17/2015","WHOLEFDS KTL 10180 03012589500",28.01,"  3012589500 
  GROCERY STORES 
 ","WHOLE FOODS MARKET","316 KENTLANDS BLVD
GAITHERSBURG
MD","20878-5458
UNITED STATES OF AMERICA (THE)","320152910038730295","Merchandise & Supplies-Groceries"
"10/21/2015","GIANT FOOD GAITHERSBURG MD",54.58,"  GROCERY STORE 
 ","GIANT FOOD","229 KENTLANDS BLVD
GAITHERSBURG
MD","20878-5446
UNITED STATES OF AMERICA (THE)","320152950112493096","Merchandise & Supplies-Groceries"
"10/24/2015","GIANT FOOD GAITHERSBURG MD",66.10,"  GROCERY STORE 
 ","GIANT FOOD","229 KENTLANDS BLVD
GAITHERSBURG
MD","20878-5446
UNITED STATES OF AMERICA (THE)","320152970135011203","Merchandise & Supplies-Groceries"
"10/28/2015","GIANT FOOD GAITHERSBURG MD",21.49,"  GROCERY STORE 
 ","GIANT FOOD","229 KENTLANDS BLVD
GAITHERSBURG
MD","20878-5446
UNITED STATES OF AMERICA (THE)","320153010200113634","Merchandise & Supplies-Groceries"
"10/29/2015","GIANT FOOD GAITHERSBURG MD",17.76,"  GROCERY STORE 
 ","GIANT FOOD","229 KENTLANDS BLVD
GAITHERSBURG
MD","20878-5446
UNITED STATES OF AMERICA (THE)","320153030238143855","Merchandise & Supplies-Groceries"
"10/31/2015","WHOLEFDS KTL 10180 0GAITHERSBURG MD",52.74,"  3012589500 
  GROCERY STORES 
 ","WHOLE FOODS MARKET","316 KENTLANDS BLVD
GAITHERSBURG
MD","20878-5458
UNITED STATES OF AMERICA (THE)","320153050273945359","Merchandise & Supplies-Groceries"
"11/04/2015","GIANT FOOD GAITHERSBURG MD",60.45,"  GROCERY STORE 
 ","GIANT FOOD","229 KENTLANDS BLVD
GAITHERSBURG
MD","20878-5446
UNITED STATES OF AMERICA (THE)","320153090340104808","Merchandise & Supplies-Groceries"
"11/09/2015","GIANT FOOD GAITHERSBURG MD",19.61,"  GROCERY STORE 
 ","GIANT FOOD","229 KENTLANDS BLVD
GAITHERSBURG
MD","20878-5446
UNITED STATES OF AMERICA (THE)","320153130395955426","Merchandise & Supplies-Groceries"
"11/09/2015","GIANT FOOD GAITHERSBURG MD",22.98,"  GROCERY STORE 
 ","GIANT FOOD","229 KENTLANDS BLVD
GAITHERSBURG
MD","20878-5446
UNITED STATES OF AMERICA (THE)","320153140424547195","Merchandise & Supplies-Groceries"
"11/10/2015","WHOLEFDS KTL 10180 0GAITHERSBURG MD",36.36,"  3012589500 
  GROCERY STORES 
 ","WHOLE FOODS MARKET","316 KENTLANDS BLVD
GAITHERSBURG
MD","20878-5458
UNITED STATES OF AMERICA (THE)","320153150438614934","Merchandise & Supplies-Groceries"
"11/12/2015","GIANT FOOD GAITHERSBURG MD",37.83,"  GROCERY STORE 
 ","GIANT FOOD","229 KENTLANDS BLVD
GAITHERSBURG
MD","20878-5446
UNITED STATES OF AMERICA (THE)","320153170474501153","Merchandise & Supplies-Groceries"
"11/17/2015","GIANT FOOD GAITHERSBURG MD",22.90,"  GROCERY STORE 
 ","GIANT FOOD","229 KENTLANDS BLVD
GAITHERSBURG
MD","20878-5446
UNITED STATES OF AMERICA (THE)","320153210531903409","Merchandise & Supplies-Groceries"
"11/18/2015","GIANT FOOD GAITHERSBURG MD",69.02,"  GROCERY STORE 
 ","GIANT FOOD","229 KENTLANDS BLVD
GAITHERSBURG
MD","20878-5446
UNITED STATES OF AMERICA (THE)","320153230575324523","Merchandise & Supplies-Groceries"
"11/22/2015","GIANT FOOD GAITHERSBURG MD",27.59,"  GROCERY STORE 
 ","GIANT FOOD","229 KENTLANDS BLVD
GAITHERSBURG
MD","20878-5446
UNITED STATES OF AMERICA (THE)","320153260618204326","Merchandise & Supplies-Groceries"
"11/23/2015","AMAZON.COM AMZN.COM/BILL WA",49.31,"  MERCHANDISE 
 ","AMAZON.COM","1516 2ND AVE
SEATTLE
WA","98101-1543
UNITED STATES OF AMERICA (THE)","320153280664611143","Merchandise & Supplies-Internet Purchase"
"11/25/2015","WHOLEFDS KTL 10180 0GAITHERSBURG MD",69.17,"  3012589500 
  GROCERY STORES 
 ","WHOLE FOODS MARKET","316 KENTLANDS BLVD
GAITHERSBURG
MD","20878-5458
UNITED STATES OF AMERICA (THE)","320153300697392887","Merchandise & Supplies-Groceries"
"11/27/2015","GIANT FOOD GAITHERSBURG MD",34.65,"  GROCERY STORE 
 ","GIANT FOOD","229 KENTLANDS BLVD
GAITHERSBURG
MD","20878-5446
UNITED STATES OF AMERICA (THE)","320153320731434922","Merchandise & Supplies-Groceries"
"12/04/2015","GIANT FOOD GAITHERSBURG MD",85.64,"  GROCERY STORE 
 ","GIANT FOOD","229 KENTLANDS BLVD
GAITHERSBURG
MD","20878-5446
UNITED STATES OF AMERICA (THE)","320153390861653662","Merchandise & Supplies-Groceries"
"12/05/2015","WHOLEFDS KTL 10180 0GAITHERSBURG MD",44.43,"  3012589500 
  GROCERY STORES 
 ","WHOLE FOODS MARKET","316 KENTLANDS BLVD
GAITHERSBURG
MD","20878-5458
UNITED STATES OF AMERICA (THE)","320153400874412216","Merchandise & Supplies-Groceries"
"12/11/2015","GIANT FOOD INC #150 GAITHERSBURG MD",17.02,"  GROCERY STORE 
 ","GIANT 150","46 BUREAU DR
GAITHERSBURG
MD","20878-1402
UNITED STATES OF AMERICA (THE)","320153450958793330","Merchandise & Supplies-Groceries"
"12/14/2015","GIANT FOOD GAITHERSBURG MD",24.18,"  GROCERY STORE 
 ","GIANT FOOD","229 KENTLANDS BLVD
GAITHERSBURG
MD","20878-5446
UNITED STATES OF AMERICA (THE)","320153480014595335","Merchandise & Supplies-Groceries"
"12/15/2015","LOTTE PLAZA GAITHERSBURG MD",30.30,"  301-916-0757 
 ","LOTTE PLAZA","221 MUDDY BRANCH RD
GAITHERSBURG
MD","20878-3004
UNITED STATES OF AMERICA (THE)","320153510088451749","Merchandise & Supplies-Groceries"
"12/16/2015","GIANT FOOD GAITHERSBURG MD",24.93,"  GROCERY STORE 
 ","GIANT FOOD","229 KENTLANDS BLVD
GAITHERSBURG
MD","20878-5446
UNITED STATES OF AMERICA (THE)","320153500055193006","Merchandise & Supplies-Groceries"
"12/17/2015","WHOLEFDS KTL 10180 0GAITHERSBURG MD",76.39,"  3012589500 
  GROCERY STORES 
 ","WHOLE FOODS MARKET","316 KENTLANDS BLVD
GAITHERSBURG
MD","20878-5458
UNITED STATES OF AMERICA (THE)","320153520104646275","Merchandise & Supplies-Groceries"
"12/18/2015","GIANT FOOD GAITHERSBURG MD",27.58,"  GROCERY STORE 
 ","GIANT FOOD","229 KENTLANDS BLVD
GAITHERSBURG
MD","20878-5446
UNITED STATES OF AMERICA (THE)","320153530128722064","Merchandise & Supplies-Groceries"
"12/19/2015","AMAZON MKTPLACE PMTSAMZN.COM/BILL WA",27.99,"  BOOK STORES 
 ","AMAZON MARKEPLACE NA - PAYMENTS","440 TERRY AVE N
SEATTLE
WA","98109
UNITED STATES OF AMERICA (THE)","320153530123474164","Merchandise & Supplies-Internet Purchase"
"12/19/2015","AMAZON MKTPLACE PMTSAMZN.COM/BILL WA",50.78,"  BOOK STORES 
 ","AMAZON MARKEPLACE NA - PAYMENTS","440 TERRY AVE N
SEATTLE
WA","98109
UNITED STATES OF AMERICA (THE)","320153530125603283","Merchandise & Supplies-Internet Purchase"
"12/20/2015","AMAZON.COM LLC SEATTLE",-15.00,"  Amazon Offer 
 ","AMAZON.COM","1516 2ND AVE
SEATTLE
WA","98101-1543
UNITED STATES OF AMERICA (THE)","320153540134840039","Merchandise & Supplies-Internet Purchase"
"12/20/2015","GIANT FOOD GAITHERSBURG MD",10.58,"  GROCERY STORE 
 ","GIANT FOOD","229 KENTLANDS BLVD
GAITHERSBURG
MD","20878-5446
UNITED STATES OF AMERICA (THE)","320153540133502840","Merchandise & Supplies-Groceries"
"12/22/2015","GIANT FOOD GAITHERSBURG MD",36.19,"  GROCERY STORE 
 ","GIANT FOOD","229 KENTLANDS BLVD
GAITHERSBURG
MD","20878-5446
UNITED STATES OF AMERICA (THE)","320153560170407875","Merchandise & Supplies-Groceries"
"12/23/2015","WHOLEFDS KTL 10180 0GAITHERSBURG MD",36.14,"  3012589500 
  Description  Price 
  GROCERY STORES  $36.14 
 ","WHOLE FOODS MARKET","316 KENTLANDS BLVD
GAITHERSBURG
MD","20878-5458
UNITED STATES OF AMERICA (THE)","320153580222477149","Merchandise & Supplies-Groceries"
"12/24/2015","HARRIS TEETER #0325 GERMANTOWN MD",35.16,"  2406311310 
  Description  Price 
  GROCERY STORES  $35.16 
 ","HARRIS TEETER","14101 DARNESTOWN RD
DARNESTOWN
MD","20874-3009
UNITED STATES OF AMERICA (THE)","320153590240651554","Merchandise & Supplies-Groceries"
"12/27/2015","GIANT FOOD GAITHERSBURG MD",9.68,"  GROCERY STORE 
 ","GIANT FOOD","229 KENTLANDS BLVD
GAITHERSBURG
MD","20878-5446
UNITED STATES OF AMERICA (THE)","320153610257651689","Merchandise & Supplies-Groceries"
"12/30/2015","GIANT FOOD FALLS CHURCH VA",49.86,"  GROCERY STORE 
 ","GIANT FOOD","LOEHMANNS PLAZA 7249
FALLS CHURCH
VA","22042
UNITED STATES OF AMERICA (THE)","320153650334561820","Merchandise & Supplies-Groceries"
"12/30/2015","PANERA BREAD #1162 0FALLS CHURCH VA",6.51,"  7032070145 
 ","SAINT LOUIS BREAD","8191 STRAWBERRY LANE
FALLS CHURCH
VA","22042
UNITED STATES OF AMERICA (THE)","320153650330933035","Restaurant-Bar & Café"
"12/31/2015","WHOLEFDS KTL 10180 0GAITHERSBURG MD",34.97,"  3012589500 
  Description  Price 
  GROCERY STORES  $34.97 
 ","WHOLE FOODS MARKET","316 KENTLANDS BLVD
GAITHERSBURG
MD","20878-5458
UNITED STATES OF AMERICA (THE)","320160010346517657","Merchandise & Supplies-Groceries"
